日付,販売数,メニュー,曜日,天気,気温,イベント,価格
2025-10-01,94,生姜焼き弁当,水,くもり,18.0,なし,590
2025-10-02,106,カレー弁当,木,晴れ,20.4,なし,540
2025-10-03,68,焼き魚弁当,金,くもり,21.6,なし,550
2025-10-06,58,生姜焼き弁当,月,雨,23.4,なし,610
2025-10-07,114,からあげ弁当,火,晴れ,17.0,なし,580
2025-10-08,121,からあげ弁当,水,晴れ,16.3,なし,600
2025-10-09,94,ハンバーグ弁当,木,雨,19.8,あり,620
2025-10-10,102,ハンバーグ弁当,金,晴れ,20.2,なし,610
2025-10-13,94,ハンバーグ弁当,月,晴れ,10.2,なし,610
2025-10-14,86,からあげ弁当,火,雨,20.6,なし,600
2025-10-15,111,からあげ弁当,水,晴れ,20.5,なし,590
2025-10-16,98,ハンバーグ弁当,木,くもり,21.4,なし,620
2025-10-17,76,ハンバーグ弁当,金,雨,16.1,なし,610
2025-10-20,77,からあげ弁当,月,雨,15.8,なし,590
2025-10-21,77,生姜焼き弁当,火,くもり,16.4,なし,590
2025-10-22,54,焼き魚弁当,水,雨,21.1,なし,550
2025-10-23,92,ハンバーグ弁当,木,くもり,14.6,なし,610
2025-10-24,77,カレー弁当,金,雨,23.3,なし,550
2025-10-27,87,ハンバーグ弁当,月,くもり,17.6,なし,630
2025-10-28,78,からあげ弁当,火,雨,16.0,なし,590
2025-10-29,72,焼き魚弁当,水,晴れ,15.4,なし,570
2025-10-30,71,焼き魚弁当,木,晴れ,17.3,なし,560
2025-10-31,109,カレー弁当,金,晴れ,19.9,なし,530
2025-11-03,65,生姜焼き弁当,月,雨,15.4,なし,590
2025-11-04,70,ハンバーグ弁当,火,雨,10.8,なし,620
2025-11-05,110,からあげ弁当,水,晴れ,11.4,なし,600
2025-11-06,118,からあげ弁当,木,晴れ,10.0,なし,600
2025-11-07,102,カレー弁当,金,晴れ,8.3,なし,530
2025-11-10,75,ハンバーグ弁当,月,雨,7.9,なし,610
2025-11-11,102,カレー弁当,火,くもり,19.8,なし,540
2025-11-12,92,カレー弁当,水,晴れ,10.1,なし,530
2025-11-13,93,生姜焼き弁当,木,晴れ,15.8,なし,590
2025-11-14,124,からあげ弁当,金,くもり,12.6,なし,600
2025-11-17,64,焼き魚弁当,月,晴れ,10.0,なし,550
2025-11-18,65,焼き魚弁当,火,晴れ,12.9,なし,570
2025-11-19,75,生姜焼き弁当,水,雨,13.2,なし,600
2025-11-20,99,カレー弁当,木,晴れ,9.7,なし,550
2025-11-21,115,カレー弁当,金,くもり,12.6,なし,540
2025-11-24,67,生姜焼き弁当,月,くもり,11.9,なし,600
2025-11-25,67,焼き魚弁当,火,晴れ,9.9,なし,570
2025-11-26,94,カレー弁当,水,晴れ,9.0,なし,530
2025-11-27,126,からあげ弁当,木,くもり,11.0,なし,590
2025-11-28,78,焼き魚弁当,金,くもり,12.8,なし,560
2025-12-01,94,ハンバーグ弁当,月,晴れ,6.6,なし,610
2025-12-02,90,生姜焼き弁当,火,晴れ,9.6,なし,590
2025-12-03,95,カレー弁当,水,くもり,4.9,なし,540
2025-12-04,93,ハンバーグ弁当,木,晴れ,11.1,なし,610
2025-12-05,87,焼き魚弁当,金,くもり,8.7,なし,560
2025-12-08,56,生姜焼き弁当,月,雨,7.9,なし,610
2025-12-09,81,焼き魚弁当,火,晴れ,6.4,なし,560
2025-12-10,61,焼き魚弁当,水,雨,8.9,なし,550
2025-12-11,126,ハンバーグ弁当,木,晴れ,9.3,あり,620
2025-12-12,82,カレー弁当,金,雨,1.5,なし,540
2025-12-15,90,ハンバーグ弁当,月,晴れ,9.2,なし,610
2025-12-16,58,生姜焼き弁当,火,雨,4.6,なし,610
2025-12-17,93,カレー弁当,水,くもり,11.1,なし,550
2025-12-18,89,からあげ弁当,木,雨,7.3,なし,590
2025-12-19,131,からあげ弁当,金,晴れ,11.6,なし,580
2025-12-22,95,カレー弁当,月,晴れ,5.4,なし,540
2025-12-23,79,焼き魚弁当,火,くもり,6.9,なし,550
2025-12-24,70,ハンバーグ弁当,水,雨,7.8,なし,610
2025-12-25,137,カレー弁当,木,晴れ,9.1,あり,540
2025-12-26,120,からあげ弁当,金,くもり,5.1,なし,580
2025-12-29,91,カレー弁当,月,くもり,6.7,なし,550
2025-12-30,68,ハンバーグ弁当,火,雨,4.5,なし,610
2025-12-31,99,カレー弁当,水,くもり,5.0,なし,530
2026-01-01,71,焼き魚弁当,木,くもり,3.5,なし,550
2026-01-02,125,からあげ弁当,金,晴れ,2.5,なし,600
2026-01-05,75,生姜焼き弁当,月,くもり,4.5,なし,590
2026-01-06,114,からあげ弁当,火,くもり,4.4,なし,590
2026-01-07,97,カレー弁当,水,くもり,7.6,なし,540
2026-01-08,65,ハンバーグ弁当,木,雨,5.4,なし,630
2026-01-09,95,からあげ弁当,金,雨,3.7,なし,580
2026-01-12,55,焼き魚弁当,月,雨,4.1,なし,560
2026-01-13,46,焼き魚弁当,火,雨,7.7,なし,550
2026-01-14,82,生姜焼き弁当,水,晴れ,7.7,なし,600
2026-01-15,98,からあげ弁当,木,雨,10.3,なし,580
2026-01-16,86,焼き魚弁当,金,くもり,7.7,なし,570
2026-01-19,63,焼き魚弁当,月,雨,4.3,なし,560
2026-01-20,88,ハンバーグ弁当,火,雨,5.7,なし,610
2026-01-21,102,カレー弁当,水,晴れ,6.0,なし,530
2026-01-22,99,ハンバーグ弁当,木,くもり,7.1,なし,610
2026-01-23,96,生姜焼き弁当,金,晴れ,1.7,なし,600
2026-01-26,81,カレー弁当,月,くもり,2.1,なし,530
2026-01-27,106,からあげ弁当,火,晴れ,8.1,なし,590
2026-01-28,69,焼き魚弁当,水,晴れ,8.7,なし,550
2026-01-29,59,生姜焼き弁当,木,雨,3.8,なし,600
2026-01-30,89,からあげ弁当,金,雨,3.3,なし,580
2026-02-02,102,生姜焼き弁当,月,晴れ,3.9,あり,600
2026-02-03,113,からあげ弁当,火,晴れ,-1.2,なし,600
2026-02-04,99,カレー弁当,水,晴れ,5.3,なし,550
2026-02-05,109,ハンバーグ弁当,木,晴れ,2.8,なし,620
2026-02-06,96,焼き魚弁当,金,晴れ,7.8,なし,570
2026-02-09,67,焼き魚弁当,月,くもり,-0.4,なし,550
2026-02-10,61,生姜焼き弁当,火,雨,9.3,なし,590
2026-02-11,88,カレー弁当,水,晴れ,5.4,なし,550
2026-02-12,105,カレー弁当,木,晴れ,4.9,なし,530
2026-02-13,116,カレー弁当,金,晴れ,6.6,なし,540
2026-02-16,67,焼き魚弁当,月,晴れ,8.5,なし,570
2026-02-17,83,焼き魚弁当,火,晴れ,6.0,なし,550
2026-02-18,64,生姜焼き弁当,水,雨,4.2,なし,610
2026-02-19,110,生姜焼き弁当,木,晴れ,7.4,あり,590
2026-02-20,98,生姜焼き弁当,金,くもり,6.8,なし,590
2026-02-23,67,焼き魚弁当,月,くもり,-0.0,なし,550
2026-02-24,64,生姜焼き弁当,火,雨,7.5,なし,600
2026-02-25,107,からあげ弁当,水,くもり,-2.7,なし,590
2026-02-26,93,からあげ弁当,木,雨,5.8,なし,590
2026-02-27,116,ハンバーグ弁当,金,晴れ,2.3,なし,630
2026-03-02,92,からあげ弁当,月,晴れ,7.2,なし,590
2026-03-03,111,からあげ弁当,火,くもり,6.7,なし,580
2026-03-04,79,生姜焼き弁当,水,晴れ,13.6,なし,610
2026-03-05,82,焼き魚弁当,木,晴れ,14.5,なし,570
2026-03-06,115,ハンバーグ弁当,金,晴れ,9.9,なし,620
2026-03-09,60,焼き魚弁当,月,晴れ,6.9,なし,570
2026-03-10,63,ハンバーグ弁当,火,雨,16.9,なし,630
2026-03-11,80,生姜焼き弁当,水,くもり,12.0,なし,610
2026-03-12,117,からあげ弁当,木,くもり,8.3,なし,590
2026-03-13,101,生姜焼き弁当,金,晴れ,12.7,なし,600
2026-03-16,97,カレー弁当,月,晴れ,12.4,なし,550
2026-03-17,83,生姜焼き弁当,火,晴れ,8.9,なし,600
2026-03-18,74,焼き魚弁当,水,晴れ,4.2,なし,550
2026-03-19,88,生姜焼き弁当,木,晴れ,10.1,なし,590
2026-03-20,104,カレー弁当,金,くもり,9.3,なし,530
2026-03-23,66,焼き魚弁当,月,くもり,10.5,なし,560
2026-03-24,72,からあげ弁当,火,雨,9.1,なし,600
2026-03-25,73,カレー弁当,水,雨,11.7,なし,530
2026-03-26,80,カレー弁当,木,雨,11.8,なし,550
2026-03-27,168,からあげ弁当,金,くもり,10.9,あり,580
2026-03-30,80,焼き魚弁当,月,晴れ,11.4,なし,560
2026-03-31,73,焼き魚弁当,火,晴れ,10.4,なし,550
2026-04-01,103,からあげ弁当,水,くもり,15.5,なし,600
2026-04-02,100,カレー弁当,木,晴れ,9.1,なし,530
2026-04-03,123,カレー弁当,金,晴れ,15.6,なし,530
2026-04-06,92,カレー弁当,月,晴れ,15.4,なし,530
2026-04-07,96,ハンバーグ弁当,火,晴れ,17.0,なし,610
2026-04-08,129,カレー弁当,水,晴れ,11.5,あり,540
2026-04-09,89,焼き魚弁当,木,くもり,14.6,あり,570
2026-04-10,55,焼き魚弁当,金,雨,18.8,なし,560
2026-04-13,107,からあげ弁当,月,晴れ,13.9,なし,580
2026-04-14,83,ハンバーグ弁当,火,くもり,13.9,なし,610
2026-04-15,91,カレー弁当,水,晴れ,14.9,なし,530
2026-04-16,112,カレー弁当,木,晴れ,15.4,なし,530
2026-04-17,78,カレー弁当,金,雨,21.2,なし,550
2026-04-20,76,生姜焼き弁当,月,晴れ,21.6,なし,600
2026-04-21,112,からあげ弁当,火,くもり,16.5,なし,600
2026-04-22,67,カレー弁当,水,雨,11.3,なし,530
2026-04-23,73,カレー弁当,木,雨,15.4,なし,540
2026-04-24,77,焼き魚弁当,金,くもり,17.5,なし,550
2026-04-27,59,焼き魚弁当,月,雨,17.2,なし,570
2026-04-28,101,からあげ弁当,火,くもり,16.7,なし,580
2026-04-29,97,ハンバーグ弁当,水,晴れ,19.9,なし,620
2026-04-30,79,からあげ弁当,木,雨,16.0,なし,590
2026-05-01,113,カレー弁当,金,くもり,19.2,なし,550
2026-05-04,93,カレー弁当,月,くもり,20.5,なし,540
2026-05-05,108,からあげ弁当,火,晴れ,17.4,なし,590
2026-05-06,82,からあげ弁当,水,雨,19.6,なし,580
2026-05-07,112,からあげ弁当,木,くもり,17.8,なし,590
2026-05-08,109,カレー弁当,金,くもり,20.9,なし,530
2026-05-11,63,生姜焼き弁当,月,雨,16.5,なし,610
2026-05-12,67,ハンバーグ弁当,火,雨,13.4,なし,620
2026-05-13,81,焼き魚弁当,水,晴れ,19.5,なし,560
2026-05-14,95,カレー弁当,木,くもり,21.9,なし,530
2026-05-15,123,からあげ弁当,金,くもり,15.1,なし,580
2026-05-18,68,生姜焼き弁当,月,晴れ,23.1,なし,610
2026-05-19,112,からあげ弁当,火,晴れ,13.9,なし,590
2026-05-20,73,カレー弁当,水,雨,20.1,なし,530
2026-05-21,87,からあげ弁当,木,雨,20.8,なし,580
2026-05-22,124,カレー弁当,金,晴れ,23.9,なし,550
2026-05-25,104,カレー弁当,月,晴れ,21.4,なし,540
2026-05-26,83,生姜焼き弁当,火,晴れ,18.1,なし,590
2026-05-27,75,ハンバーグ弁当,水,雨,15.2,なし,630
2026-05-28,54,焼き魚弁当,木,雨,24.4,なし,570
2026-05-29,130,からあげ弁当,金,晴れ,21.9,なし,580
2026-06-01,60,焼き魚弁当,月,雨,23.3,なし,560
2026-06-02,114,からあげ弁当,火,晴れ,21.6,なし,600
2026-06-03,92,ハンバーグ弁当,水,くもり,23.8,なし,630
2026-06-04,98,ハンバーグ弁当,木,晴れ,16.8,なし,620
2026-06-05,111,からあげ弁当,金,雨,19.4,なし,580
2026-06-08,64,焼き魚弁当,月,くもり,18.8,なし,550
2026-06-09,95,ハンバーグ弁当,火,晴れ,24.2,なし,610
2026-06-10,99,カレー弁当,水,くもり,25.1,なし,530
2026-06-11,109,からあげ弁当,木,くもり,22.1,なし,600
2026-06-12,110,ハンバーグ弁当,金,晴れ,22.8,なし,620
2026-06-15,86,からあげ弁当,月,雨,21.4,なし,600
2026-06-16,86,ハンバーグ弁当,火,くもり,16.4,なし,610
2026-06-17,88,ハンバーグ弁当,水,晴れ,22.6,なし,620
2026-06-18,98,ハンバーグ弁当,木,くもり,22.5,なし,610
2026-06-19,104,生姜焼き弁当,金,晴れ,23.7,なし,610
2026-06-22,69,生姜焼き弁当,月,雨,23.0,なし,590
2026-06-23,80,からあげ弁当,火,雨,20.7,なし,590
2026-06-24,95,ハンバーグ弁当,水,晴れ,27.0,なし,630
2026-06-25,84,ハンバーグ弁当,木,晴れ,21.1,なし,620
2026-06-26,124,からあげ弁当,金,くもり,20.9,なし,600
2026-06-29,100,からあげ弁当,月,くもり,21.6,なし,580
2026-06-30,93,生姜焼き弁当,火,晴れ,15.7,なし,610
