date,sales,temperature,rain_flag,event_flag,weekday_flag,weekend_flag
2025-01-01,130,5.0,0,0,1,0
2025-01-02,124,4.0,0,0,1,0
2025-01-03,158,5.8,0,0,1,0
2025-01-04,216,7.8,0,1,0,1
2025-01-05,176,4.5,0,0,0,1
2025-01-06,127,4.8,0,0,1,0
2025-01-07,127,8.7,1,0,1,0
2025-01-08,134,7.3,1,0,1,0
2025-01-09,90,5.1,1,0,1,0
2025-01-10,145,7.3,0,0,1,0
2025-01-11,178,5.6,0,0,0,1
2025-01-12,167,5.8,1,0,0,1
2025-01-13,144,7.5,0,0,1,0
2025-01-14,116,3.4,1,0,1,0
2025-01-15,134,4.1,1,0,1,0
2025-01-16,136,6.6,1,0,1,0
2025-01-17,144,6.0,0,0,1,0
2025-01-18,183,8.9,0,0,0,1
2025-01-19,164,6.7,1,0,0,1
2025-01-20,160,5.9,0,0,1,0
2025-01-21,164,12.0,0,0,1,0
2025-01-22,148,8.8,0,0,1,0
2025-01-23,136,9.7,1,0,1,0
2025-01-24,140,6.9,0,0,1,0
2025-01-25,196,9.0,0,0,0,1
2025-01-26,196,10.5,0,0,0,1
2025-01-27,163,8.3,0,0,1,0
2025-01-28,139,11.6,1,0,1,0
2025-01-29,156,9.9,0,0,1,0
2025-01-30,153,10.8,0,0,1,0
2025-01-31,140,10.4,1,0,1,0
2025-02-01,197,15.6,0,0,0,1
2025-02-02,179,12.1,0,0,0,1
2025-02-03,213,10.3,0,1,1,0
2025-02-04,146,14.3,0,0,1,0
2025-02-05,180,10.4,0,0,1,0
2025-02-06,131,13.6,1,0,1,0
2025-02-07,168,9.5,1,0,1,0
2025-02-08,171,11.0,1,0,0,1
2025-02-09,238,14.3,1,1,0,1
2025-02-10,166,15.6,0,0,1,0
2025-02-11,189,14.8,0,0,1,0
2025-02-12,154,14.4,1,0,1,0
2025-02-13,183,14.3,0,0,1,0
2025-02-14,181,12.2,0,0,1,0
2025-02-15,193,14.0,1,0,0,1
2025-02-16,198,14.8,1,0,0,1
2025-02-17,177,18.1,0,0,1,0
2025-02-18,167,16.9,0,0,1,0
2025-02-19,160,12.9,0,0,1,0
2025-02-20,183,17.3,0,0,1,0
2025-02-21,188,16.2,0,0,1,0
2025-02-22,194,15.8,0,0,0,1
2025-02-23,227,18.7,0,0,0,1
2025-02-24,177,19.8,0,0,1,0
2025-02-25,178,19.8,0,0,1,0
2025-02-26,183,16.5,0,0,1,0
2025-02-27,178,17.8,0,0,1,0
2025-02-28,231,19.3,1,1,1,0
2025-03-01,249,20.9,0,0,0,1
2025-03-02,221,18.2,0,0,0,1
2025-03-03,181,19.0,0,0,1,0
2025-03-04,173,17.4,1,0,1,0
2025-03-05,182,17.5,0,0,1,0
2025-03-06,199,21.7,0,0,1,0
2025-03-07,217,23.0,0,0,1,0
2025-03-08,277,20.4,0,1,0,1
2025-03-09,238,22.8,0,0,0,1
2025-03-10,203,21.8,0,0,1,0
2025-03-11,214,20.0,0,0,1,0
2025-03-12,200,22.2,0,0,1,0
2025-03-13,192,24.8,1,0,1,0
2025-03-14,269,21.9,0,1,1,0
2025-03-15,250,25.3,0,0,0,1
2025-03-16,208,17.1,1,0,0,1
2025-03-17,219,24.2,0,0,1,0
2025-03-18,199,23.0,0,0,1,0
2025-03-19,205,22.4,0,0,1,0
2025-03-20,247,23.4,0,1,1,0
2025-03-21,202,19.5,1,0,1,0
2025-03-22,239,23.2,1,0,0,1
2025-03-23,251,24.6,0,0,0,1
2025-03-24,220,27.0,0,0,1,0
2025-03-25,248,23.3,0,1,1,0
2025-03-26,205,22.9,0,0,1,0
2025-03-27,202,23.7,0,0,1,0
2025-03-28,211,26.7,0,0,1,0
2025-03-29,250,25.7,0,0,0,1
2025-03-30,249,24.2,0,0,0,1
2025-03-31,244,26.5,0,0,1,0
2025-04-01,219,25.9,1,0,1,0
2025-04-02,231,27.8,0,0,1,0
2025-04-03,286,24.6,0,1,1,0
2025-04-04,248,25.6,0,0,1,0
2025-04-05,238,25.6,0,0,0,1
2025-04-06,265,23.7,0,0,0,1
2025-04-07,235,27.4,0,0,1,0
2025-04-08,207,27.5,1,0,1,0
2025-04-09,214,27.1,0,0,1,0
2025-04-10,279,26.8,0,1,1,0
2025-04-11,215,24.6,0,0,1,0
2025-04-12,264,26.8,0,0,0,1
2025-04-13,241,27.1,1,0,0,1
2025-04-14,262,26.4,0,1,1,0
2025-04-15,245,27.8,0,0,1,0
2025-04-16,236,29.1,0,0,1,0
2025-04-17,244,32.2,0,0,1,0
2025-04-18,258,28.9,0,0,1,0
2025-04-19,273,29.3,0,0,0,1
2025-04-20,277,28.8,0,0,0,1
2025-04-21,239,25.2,0,0,1,0
2025-04-22,245,29.1,0,0,1,0
2025-04-23,243,29.5,0,0,1,0
2025-04-24,269,34.4,0,0,1,0
2025-04-25,266,29.2,0,0,1,0
2025-04-26,278,30.4,0,0,0,1
2025-04-27,269,29.8,0,0,0,1
2025-04-28,228,27.7,1,0,1,0
2025-04-29,252,32.4,0,0,1,0
2025-04-30,266,31.8,0,0,1,0
2025-05-01,260,32.0,0,0,1,0
2025-05-02,264,28.7,0,0,1,0
2025-05-03,289,33.4,0,0,0,1
2025-05-04,270,28.0,0,0,0,1
2025-05-05,232,32.0,1,0,1,0
2025-05-06,264,35.4,0,0,1,0
2025-05-07,230,29.1,0,0,1,0
2025-05-08,262,30.1,0,0,1,0
2025-05-09,286,31.5,0,0,1,0
2025-05-10,267,30.4,0,0,0,1
2025-05-11,251,28.4,1,0,0,1
2025-05-12,258,31.7,0,0,1,0
2025-05-13,228,29.6,1,0,1,0
2025-05-14,243,32.7,1,0,1,0
2025-05-15,253,30.0,0,0,1,0
2025-05-16,266,35.1,0,0,1,0
2025-05-17,304,30.5,0,0,0,1
2025-05-18,343,31.5,0,1,0,1
2025-05-19,258,33.9,0,0,1,0
2025-05-20,271,29.8,0,0,1,0
2025-05-21,258,32.8,0,0,1,0
2025-05-22,255,35.1,0,0,1,0
2025-05-23,253,29.3,1,0,1,0
2025-05-24,303,33.0,0,0,0,1
2025-05-25,288,33.2,1,0,0,1
2025-05-26,275,34.3,0,0,1,0
2025-05-27,266,30.3,0,0,1,0
2025-05-28,266,30.2,0,0,1,0
2025-05-29,264,34.0,0,0,1,0
2025-05-30,256,33.6,1,0,1,0
2025-05-31,312,33.5,0,0,0,1
2025-06-01,290,33.8,1,0,0,1
2025-06-02,275,31.8,0,0,1,0
2025-06-03,299,33.7,0,1,1,0
2025-06-04,249,33.8,1,0,1,0
2025-06-05,315,31.9,1,1,1,0
2025-06-06,279,37.1,1,0,1,0
2025-06-07,313,34.3,0,0,0,1
2025-06-08,311,31.0,0,0,0,1
2025-06-09,281,34.8,1,0,1,0
2025-06-10,291,31.5,0,0,1,0
2025-06-11,245,35.1,1,0,1,0
2025-06-12,251,35.9,1,0,1,0
2025-06-13,269,31.9,0,0,1,0
2025-06-14,291,35.5,1,0,0,1
2025-06-15,342,34.5,1,1,0,1
2025-06-16,284,35.3,0,0,1,0
2025-06-17,254,37.5,1,0,1,0
2025-06-18,260,33.2,0,0,1,0
2025-06-19,252,32.2,1,0,1,0
2025-06-20,299,32.0,0,0,1,0
2025-06-21,306,32.1,1,0,0,1
2025-06-22,379,33.6,0,1,0,1
2025-06-23,284,34.5,0,0,1,0
2025-06-24,320,34.4,1,1,1,0
2025-06-25,297,35.5,0,0,1,0
2025-06-26,280,33.8,0,0,1,0
2025-06-27,334,36.7,1,1,1,0
2025-06-28,308,33.3,1,0,0,1
2025-06-29,323,39.3,0,0,0,1
